<?xml version="1.0" encoding="UTF-8"?>
<metadata xml:lang="es"><Esri><CreaDate>20190425</CreaDate><CreaTime>11430800</CreaTime><ArcGISFormat>1.0</ArcGISFormat><ArcGISstyle>XTools Pro Metadata</ArcGISstyle><SyncOnce>FALSE</SyncOnce><DataProperties><lineage><Process ToolSource="c:\program files (x86)\arcgis\desktop10.3\ArcToolbox\Toolboxes\Data Management Tools.tbx\CalculateField" Date="20170116" Time="013638">CalculateField EstacionesTrenSuburbano_UTM SISTEMA "Suburbano" VB #</Process><Process ToolSource="c:\program files (x86)\arcgis\desktop10.3\ArcToolbox\Toolboxes\Data Management Tools.tbx\CalculateField" Date="20170704" Time="215319">CalculateField EstacionesTrenSuburbano_UTM NOMBRE [NAME] VB #</Process><Process ToolSource="c:\program files (x86)\arcgis\desktop10.3\ArcToolbox\Toolboxes\Data Management Tools.tbx\CalculateField" Date="20170704" Time="215441">CalculateField EstacionesTrenSuburbano_UTM LINEA "01" VB #</Process><Process ToolSource="c:\program files (x86)\arcgis\desktop10.3\ArcToolbox\Toolboxes\Data Management Tools.tbx\CalculateField" Date="20170704" Time="215607">CalculateField EstacionesTrenSuburbano_UTM CVE_EST ""TS" &amp; [LINEA] &amp; [EST]" VB #</Process><Process ToolSource="c:\program files (x86)\arcgis\desktop10.3\ArcToolbox\Toolboxes\Data Management Tools.tbx\Merge" Date="20190425" Time="112553">Merge FerrocarrilSuburbano_estaciones_utm14n;TrenLigero_estaciones_utm14n;STCMetro_estaciones_utm14n;Mexicable_estaciones_utm14n;Mexibus_estaciones_utm14n;Metrobus_estaciones_utm14n "C:\Users\Arturo Edgar Perez\Google Drive\SEMOVI\EOD_2017\Shapes\Estaciones_TM_EOD2017.shp" "SISTEMA "SISTEMA" true true false 50 Text 0 0 ,First,#,FerrocarrilSuburbano_estaciones_utm14n,SISTEMA,-1,-1,TrenLigero_estaciones_utm14n,SISTEMA,-1,-1,STCMetro_estaciones_utm14n,SISTEMA,-1,-1,Mexicable_estaciones_utm14n,SISTEMA,-1,-1,Mexibus_estaciones_utm14n,SISTEMA,-1,-1,Metrobus_estaciones_utm14n,SISTEMA,-1,-1;NOMBRE "NOMBRE" true true false 50 Text 0 0 ,First,#,FerrocarrilSuburbano_estaciones_utm14n,NOMBRE,-1,-1,TrenLigero_estaciones_utm14n,NOMBRE,-1,-1,STCMetro_estaciones_utm14n,NOMBRE,-1,-1,Mexicable_estaciones_utm14n,NOMBRE,-1,-1,Metrobus_estaciones_utm14n,NOMBRE,-1,-1;LINEA "LINEA" true true false 4 Text 0 0 ,First,#,FerrocarrilSuburbano_estaciones_utm14n,LINEA,-1,-1,TrenLigero_estaciones_utm14n,LINEA,-1,-1,STCMetro_estaciones_utm14n,LINEA,-1,-1,Mexicable_estaciones_utm14n,LINEA,-1,-1,Mexibus_estaciones_utm14n,LINEA,-1,-1,Metrobus_estaciones_utm14n,LINEA,-1,-1;EST "EST" true true false 4 Text 0 0 ,First,#,FerrocarrilSuburbano_estaciones_utm14n,EST,-1,-1,TrenLigero_estaciones_utm14n,EST,-1,-1,STCMetro_estaciones_utm14n,EST,-1,-1,Mexicable_estaciones_utm14n,EST,-1,-1,Mexibus_estaciones_utm14n,EST,-1,-1,Metrobus_estaciones_utm14n,EST,-1,-1;CVE_EST "CVE_EST" true true false 10 Text 0 0 ,First,#,FerrocarrilSuburbano_estaciones_utm14n,CVE_EST,-1,-1,TrenLigero_estaciones_utm14n,CVE_EST,-1,-1,STCMetro_estaciones_utm14n,CVE_EST,-1,-1,Mexicable_estaciones_utm14n,CVE_EST,-1,-1,Mexibus_estaciones_utm14n,CVE_EST,-1,-1,Metrobus_estaciones_utm14n,CVE_EST,-1,-1;CVE_EDO17 "CVE_EDO17" true true false 50 Text 0 0 ,First,#,FerrocarrilSuburbano_estaciones_utm14n,CVE_EDO17,-1,-1;CVE_EOD17 "CVE_EOD17" true true false 50 Text 0 0 ,First,#,TrenLigero_estaciones_utm14n,CVE_EOD17,-1,-1,STCMetro_estaciones_utm14n,CVE_EOD17,-1,-1,Mexibus_estaciones_utm14n,CVE_EOD17,-1,-1,Metrobus_estaciones_utm14n,CVE_EOD17,-1,-1;Name "Name" true true false 254 Text 0 0 ,First,#,Mexibus_estaciones_utm14n,Name,-1,-1"</Process><Process ToolSource="c:\program files (x86)\arcgis\desktop10.3\ArcToolbox\Toolboxes\Data Management Tools.tbx\CalculateField" Date="20190425" Time="112625">CalculateField Estaciones_TM_EOD2017 CVE_EOD17 [CVE_EDO17] VB #</Process><Process ToolSource="c:\program files (x86)\arcgis\desktop10.3\ArcToolbox\Toolboxes\Data Management Tools.tbx\CalculateField" Date="20190425" Time="112701">CalculateField Estaciones_TM_EOD2017 NOMBRE [Name] VB #</Process><Process ToolSource="c:\program files (x86)\arcgis\desktop10.3\ArcToolbox\Toolboxes\Data Management Tools.tbx\CalculateField" Date="20190722" Time="232104">CalculateField TrenLigero_estaciones_utm14n TIPO "Terminal" VB #</Process><Process ToolSource="c:\program files (x86)\arcgis\desktop10.3\ArcToolbox\Toolboxes\Data Management Tools.tbx\CalculateField" Date="20190722" Time="232115">CalculateField TrenLigero_estaciones_utm14n TIPO "Intermedia" VB #</Process><Process ToolSource="c:\program files (x86)\arcgis\desktop10.3\ArcToolbox\Toolboxes\Data Management Tools.tbx\AddXY" Date="20191111" Time="124121">AddXY TrenLigero_estaciones_utm14n</Process><Process ToolSource="c:\program files (x86)\arcgis\desktop10.8\ArcToolbox\Toolboxes\Data Management Tools.tbx\CalculateField" Date="20210628" Time="143838">CalculateField STE_TrenLigero_estaciones_utm14n ALCALDIAS "Coyoacán" VB #</Process><Process ToolSource="c:\program files (x86)\arcgis\desktop10.8\ArcToolbox\Toolboxes\Data Management Tools.tbx\CalculateField" Date="20210628" Time="144203">CalculateField STE_TrenLigero_estaciones_utm14n ALCALDIAS "Tlalpan" VB #</Process><Process ToolSource="c:\program files (x86)\arcgis\desktop10.8\ArcToolbox\Toolboxes\Data Management Tools.tbx\CalculateField" Date="20210628" Time="144213">CalculateField STE_TrenLigero_estaciones_utm14n ALCALDIAS "Xochimilco" VB #</Process><Process ToolSource="c:\program files (x86)\arcgis\desktop10.8\ArcToolbox\Toolboxes\Data Management Tools.tbx\CalculateField" Date="20210628" Time="144232">CalculateField STE_TrenLigero_estaciones_utm14n ALCALDIAS "Coyoacán / Tlalpan" VB #</Process><Process ToolSource="c:\program files (x86)\arcgis\desktop10.8\ArcToolbox\Toolboxes\Data Management Tools.tbx\CalculateField" Date="20210628" Time="144301">CalculateField STE_TrenLigero_estaciones_utm14n AÑO 1986 VB #</Process><Process ToolSource="c:\program files (x86)\arcgis\desktop10.8\ArcToolbox\Toolboxes\Data Management Tools.tbx\CalculateField" Date="20210628" Time="144311">CalculateField STE_TrenLigero_estaciones_utm14n AÑO 1988 VB #</Process><Process ToolSource="c:\program files (x86)\arcgis\desktop10.8\ArcToolbox\Toolboxes\Data Management Tools.tbx\CalculateField" Date="20210628" Time="144353">CalculateField STE_TrenLigero_estaciones_utm14n SISTEMA "STE Tren Ligero" VB #</Process><Process ToolSource="c:\program files (x86)\arcgis\desktop10.8\ArcToolbox\Toolboxes\Data Management Tools.tbx\CalculateField" Date="20210628" Time="144403">CalculateField STE_TrenLigero_estaciones_utm14n SISTEMA "STE Tren ligero" VB #</Process><Process ToolSource="c:\program files (x86)\arcgis\desktop10.8\ArcToolbox\Toolboxes\Analysis Tools.tbx\Near" Date="20210628" Time="144440">Near STE_TrenLigero_estaciones_utm14n STE_TrenLigero_linea_utm14n # LOCATION NO_ANGLE GEODESIC</Process></lineage><itemProps><itemName Sync="TRUE">Estaciones_TM_EOD2017</itemName><imsContentType Sync="TRUE">002</imsContentType><itemSize Sync="TRUE">0.000</itemSize><itemLocation><linkage Sync="TRUE">file://\\LAPTOP-47C8IMRS\C$\Users\Arturo Edgar Perez\Google Drive\SEMOVI\EOD_2017\Shapes\Estaciones_TM_EOD2017.shp</linkage><protocol Sync="TRUE">Local Area Network</protocol></itemLocation></itemProps><coordRef><type Sync="TRUE">Projected</type><geogcsn Sync="TRUE">GCS_WGS_1984</geogcsn><csUnits Sync="TRUE">Linear Unit: Meter (1.000000)</csUnits><projcsn Sync="TRUE">WGS_1984_UTM_Zone_14N</projcsn><peXml Sync="TRUE">&lt;ProjectedCoordinateSystem xsi:type='typens:ProjectedCoordinateSystem' xmlns:xsi='http://www.w3.org/2001/XMLSchema-instance' xmlns:xs='http://www.w3.org/2001/XMLSchema' xmlns:typens='http://www.esri.com/schemas/ArcGIS/10.3'&gt;&lt;WKT&gt;PROJCS[&amp;quot;WGS_1984_UTM_Zone_14N&amp;quot;,GEOGCS[&amp;quot;GCS_WGS_1984&amp;quot;,DATUM[&amp;quot;D_WGS_1984&amp;quot;,SPHEROID[&amp;quot;WGS_1984&amp;quot;,6378137.0,298.257223563]],PRIMEM[&amp;quot;Greenwich&amp;quot;,0.0],UNIT[&amp;quot;Degree&amp;quot;,0.0174532925199433]],PROJECTION[&amp;quot;Transverse_Mercator&amp;quot;],PARAMETER[&amp;quot;False_Easting&amp;quot;,500000.0],PARAMETER[&amp;quot;False_Northing&amp;quot;,0.0],PARAMETER[&amp;quot;Central_Meridian&amp;quot;,-99.0],PARAMETER[&amp;quot;Scale_Factor&amp;quot;,0.9996],PARAMETER[&amp;quot;Latitude_Of_Origin&amp;quot;,0.0],UNIT[&amp;quot;Meter&amp;quot;,1.0],AUTHORITY[&amp;quot;EPSG&amp;quot;,32614]]&lt;/WKT&gt;&lt;XOrigin&gt;-5120900&lt;/XOrigin&gt;&lt;YOrigin&gt;-9998100&lt;/YOrigin&gt;&lt;XYScale&gt;450445547.3910538&lt;/XYScale&gt;&lt;ZOrigin&gt;-100000&lt;/ZOrigin&gt;&lt;ZScale&gt;10000&lt;/ZScale&gt;&lt;MOrigin&gt;-100000&lt;/MOrigin&gt;&lt;MScale&gt;10000&lt;/MScale&gt;&lt;XYTolerance&gt;0.001&lt;/XYTolerance&gt;&lt;ZTolerance&gt;0.001&lt;/ZTolerance&gt;&lt;MTolerance&gt;0.001&lt;/MTolerance&gt;&lt;HighPrecision&gt;true&lt;/HighPrecision&gt;&lt;WKID&gt;32614&lt;/WKID&gt;&lt;LatestWKID&gt;32614&lt;/LatestWKID&gt;&lt;/ProjectedCoordinateSystem&gt;</peXml></coordRef></DataProperties><SyncDate>20190425</SyncDate><SyncTime>11255200</SyncTime><ModDate>20190425</ModDate><ModTime>11255200</ModTime></Esri><dataIdInfo><envirDesc Sync="TRUE"> Version 6.2 (Build 9200) ; Esri ArcGIS 10.3.0.4284</envirDesc><dataLang><languageCode value="spa" Sync="TRUE"></languageCode><countryCode value="MEX" Sync="TRUE"></countryCode></dataLang><idCitation><resTitle Sync="TRUE">Estaciones_TM_EOD2017</resTitle><presForm><PresFormCd value="005" Sync="TRUE"></PresFormCd></presForm></idCitation><spatRpType><SpatRepTypCd value="001" Sync="TRUE"></SpatRepTypCd></spatRpType></dataIdInfo><mdLang><languageCode value="spa" Sync="TRUE"></languageCode><countryCode value="MEX" Sync="TRUE"></countryCode></mdLang><mdChar><CharSetCd value="004" Sync="TRUE"></CharSetCd></mdChar><distInfo><distFormat><formatName Sync="TRUE">Shapefile</formatName></distFormat><distTranOps><transSize Sync="TRUE">0.000</transSize></distTranOps></distInfo><mdHrLv><ScopeCd value="005" Sync="TRUE"></ScopeCd></mdHrLv><mdHrLvName Sync="TRUE">dataset</mdHrLvName><refSysInfo><RefSystem><refSysID><identCode code="32614" Sync="TRUE"></identCode><idCodeSpace Sync="TRUE">EPSG</idCodeSpace><idVersion Sync="TRUE">8.2.6</idVersion></refSysID></RefSystem></refSysInfo><spatRepInfo><VectSpatRep><geometObjs Name="Estaciones_TM_EOD2017"><geoObjTyp><GeoObjTypCd value="004" Sync="TRUE"></GeoObjTypCd></geoObjTyp><geoObjCnt Sync="TRUE">0</geoObjCnt></geometObjs><topLvl><TopoLevCd value="001" Sync="TRUE"></TopoLevCd></topLvl></VectSpatRep></spatRepInfo><spdoinfo><ptvctinf><esriterm Name="Estaciones_TM_EOD2017"><efeatyp Sync="TRUE">Simple</efeatyp><efeageom code="1" Sync="TRUE"></efeageom><esritopo Sync="TRUE">FALSE</esritopo><efeacnt Sync="TRUE">0</efeacnt><spindex Sync="TRUE">FALSE</spindex><linrefer Sync="TRUE">TRUE</linrefer></esriterm></ptvctinf></spdoinfo><eainfo><detailed Name="Estaciones_TM_EOD2017"><enttyp><enttypl Sync="TRUE">Estaciones_TM_EOD2017</enttypl><enttypt Sync="TRUE">Feature Class</enttypt><enttypc Sync="TRUE">0</enttypc></enttyp><attr><attrlabl Sync="TRUE">FID</attrlabl><attalias Sync="TRUE">FID</attalias><attrtype Sync="TRUE">OID</attrtype><attwidth Sync="TRUE">4</attwidth><atprecis Sync="TRUE">0</atprecis><attscale Sync="TRUE">0</attscale><attrdef Sync="TRUE">Internal feature number.</attrdef><attrdefs Sync="TRUE">Esri</attrdefs><attrdomv><udom Sync="TRUE">Sequential unique whole numbers that are automatically generated.</udom></attrdomv></attr><attr><attrlabl Sync="TRUE">Shape</attrlabl><attalias Sync="TRUE">Shape</attalias><attrtype Sync="TRUE">Geometry</attrtype><attwidth Sync="TRUE">0</attwidth><atprecis Sync="TRUE">0</atprecis><attscale Sync="TRUE">0</attscale><attrdef Sync="TRUE">Feature geometry.</attrdef><attrdefs Sync="TRUE">Esri</attrdefs><attrdomv><udom Sync="TRUE">Coordinates defining the features.</udom></attrdomv></attr><attr><attrlabl Sync="TRUE">SISTEMA</attrlabl><attalias Sync="TRUE">SISTEMA</attalias><attrtype Sync="TRUE">String</attrtype><attwidth Sync="TRUE">50</attwidth><atprecis Sync="TRUE">0</atprecis><attscale Sync="TRUE">0</attscale></attr><attr><attrlabl Sync="TRUE">NOMBRE</attrlabl><attalias Sync="TRUE">NOMBRE</attalias><attrtype Sync="TRUE">String</attrtype><attwidth Sync="TRUE">50</attwidth><atprecis Sync="TRUE">0</atprecis><attscale Sync="TRUE">0</attscale></attr><attr><attrlabl Sync="TRUE">LINEA</attrlabl><attalias Sync="TRUE">LINEA</attalias><attrtype Sync="TRUE">String</attrtype><attwidth Sync="TRUE">4</attwidth><atprecis Sync="TRUE">0</atprecis><attscale Sync="TRUE">0</attscale></attr><attr><attrlabl Sync="TRUE">EST</attrlabl><attalias Sync="TRUE">EST</attalias><attrtype Sync="TRUE">String</attrtype><attwidth Sync="TRUE">4</attwidth><atprecis Sync="TRUE">0</atprecis><attscale Sync="TRUE">0</attscale></attr><attr><attrlabl Sync="TRUE">CVE_EST</attrlabl><attalias Sync="TRUE">CVE_EST</attalias><attrtype Sync="TRUE">String</attrtype><attwidth Sync="TRUE">10</attwidth><atprecis Sync="TRUE">0</atprecis><attscale Sync="TRUE">0</attscale></attr><attr><attrlabl Sync="TRUE">CVE_EDO17</attrlabl><attalias Sync="TRUE">CVE_EDO17</attalias><attrtype Sync="TRUE">String</attrtype><attwidth Sync="TRUE">50</attwidth><atprecis Sync="TRUE">0</atprecis><attscale Sync="TRUE">0</attscale></attr><attr><attrlabl Sync="TRUE">CVE_EOD17</attrlabl><attalias Sync="TRUE">CVE_EOD17</attalias><attrtype Sync="TRUE">String</attrtype><attwidth Sync="TRUE">50</attwidth><atprecis Sync="TRUE">0</atprecis><attscale Sync="TRUE">0</attscale></attr><attr><attrlabl Sync="TRUE">Name</attrlabl><attalias Sync="TRUE">Name</attalias><attrtype Sync="TRUE">String</attrtype><attwidth Sync="TRUE">254</attwidth><atprecis Sync="TRUE">0</atprecis><attscale Sync="TRUE">0</attscale></attr></detailed></eainfo><mdDateSt Sync="TRUE">20190425</mdDateSt></metadata>
