<?xml version="1.0" encoding="UTF-8"?>
<metadata xml:lang="es"><Esri><CreaDate>20190617</CreaDate><CreaTime>10593100</CreaTime><ArcGISFormat>1.0</ArcGISFormat><SyncOnce>TRUE</SyncOnce><DataProperties><lineage><Process ToolSource="c:\program files (x86)\arcgis\desktop10.3\ArcToolbox\Toolboxes\Data Management Tools.tbx\CalculateField" Date="20190617" Time="105931">CalculateField Cablebus_lineas_utm14n SISTEMA "Cablebus" VB #</Process><Process ToolSource="c:\program files (x86)\arcgis\desktop10.3\ArcToolbox\Toolboxes\Data Management Tools.tbx\CalculateField" Date="20190617" Time="110212">CalculateField Cablebus_lineas_utm14n LINEA "01" VB #</Process><Process ToolSource="c:\program files (x86)\arcgis\desktop10.3\ArcToolbox\Toolboxes\Data Management Tools.tbx\CalculateField" Date="20190617" Time="110219">CalculateField Cablebus_lineas_utm14n LINEA "02" VB #</Process><Process ToolSource="c:\program files (x86)\arcgis\desktop10.3\ArcToolbox\Toolboxes\Data Management Tools.tbx\CalculateField" Date="20190617" Time="110226">CalculateField Cablebus_lineas_utm14n LINEA "03" VB #</Process><Process ToolSource="c:\program files (x86)\arcgis\desktop10.3\ArcToolbox\Toolboxes\Data Management Tools.tbx\CalculateField" Date="20190617" Time="110234">CalculateField Cablebus_lineas_utm14n LINEA "04" VB #</Process><Process ToolSource="c:\program files (x86)\arcgis\desktop10.3\ArcToolbox\Toolboxes\Data Management Tools.tbx\CalculateField" Date="20190617" Time="110252">CalculateField Cablebus_lineas_utm14n RITA [Name] VB #</Process></lineage></DataProperties></Esri></metadata>
